stem,clockwise,note
1,90,sitting in the wood-floor lab (folder a)
3,90,sitting in the wood-floor lab (folder a)
4,90,sitting in the wood-floor lab (folder a)
5,90,sitting in the wood-floor lab (folder a)
6,90,sitting in the wood-floor lab (folder a)
7,90,sitting in the wood-floor lab (folder a)
8,90,sitting in the wood-floor lab (folder a)
9,90,sitting in the wood-floor lab (folder a)
10,90,sitting in the wood-floor lab (folder a)
11,90,sitting in the wood-floor lab (folder a)
12,90,sitting in the wood-floor lab (folder a)
13,90,sitting in the wood-floor lab (folder a)
14,90,sitting in the wood-floor lab (folder a)
15,90,sitting in the wood-floor lab (folder a)
16,90,sitting in the wood-floor lab (folder a)
17,90,sitting in the wood-floor lab (folder a)
18,90,sitting in the wood-floor lab (folder a)
19,90,sitting in the wood-floor lab (folder a)
23,90,sitting in the wood-floor lab (folder a)
24,90,sitting in the wood-floor lab (folder a)
25,90,sitting in the wood-floor lab (folder a)
26,90,sitting in the wood-floor lab (folder a)
27,90,sitting in the wood-floor lab (folder a)
28,90,sitting in the wood-floor lab (folder a)
29,90,sitting in the wood-floor lab (folder a)
30,90,sitting in the wood-floor lab (folder a)
31,90,sitting in the wood-floor lab (folder a)
32,90,sitting in the wood-floor lab (folder a)
SittingMO1,90,sitting in the wood-floor lab (folder s)
SittingMO2,90,sitting in the wood-floor lab (folder s)
SittingMO3,90,sitting in the wood-floor lab (folder s)
SittingMO4,90,sitting in the wood-floor lab (folder s)
SittingMO5,90,sitting in the wood-floor lab (folder s)
SittingMO6,90,sitting in the wood-floor lab (folder s)
SittingMO7,90,sitting in the wood-floor lab (folder s)
SittingMO8,90,sitting in the wood-floor lab (folder s)
SittingMO9,90,sitting in the wood-floor lab (folder s)
SittingMO10,90,sitting in the wood-floor lab (folder s)
SittingMO11,90,sitting in the wood-floor lab (folder s)
SittingMO12,90,sitting in the wood-floor lab (folder s)
SittingMO13,90,sitting in the wood-floor lab (folder s)
SittingMO14,90,sitting in the wood-floor lab (folder s)
SittingMO15,90,sitting in the wood-floor lab (folder s)
SittingMO16,90,sitting in the wood-floor lab (folder s)
SittingMO17,90,sitting in the wood-floor lab (folder s)
SittingMO18,90,sitting in the wood-floor lab (folder s)
SittingMO19,90,sitting in the wood-floor lab (folder s)
SittingMO20,90,sitting in the wood-floor lab (folder s)
SittingMO21,90,sitting in the wood-floor lab (folder s)
SittingMO22,90,sitting in the wood-floor lab (folder s)
SittingMO23,90,sitting in the wood-floor lab (folder s)
SittingMO24,90,sitting in the wood-floor lab (folder s)
SittingMO25,90,sitting in the wood-floor lab (folder s)
SittingMO26,90,sitting in the wood-floor lab (folder s)
SittingMO27,90,sitting in the wood-floor lab (folder s)
SittingMO28,90,sitting in the wood-floor lab (folder s)
SittingMO29,90,sitting in the wood-floor lab (folder s)
SittingMO30,90,sitting in the wood-floor lab (folder s)
SittingMO31,90,sitting in the wood-floor lab (folder s)
SittingMO36,90,sitting in the wood-floor lab (folder s)
SittingMO37,90,sitting in the wood-floor lab (folder s)
SittingMO38,90,sitting in the wood-floor lab (folder s)
SittingMO39,90,sitting in the wood-floor lab (folder s)
SittingMO40,90,sitting in the wood-floor lab (folder s)
SittingMO41,90,sitting in the wood-floor lab (folder s)
SittingMO42,90,sitting in the wood-floor lab (folder s)
SittingMO43,90,sitting in the wood-floor lab (folder s)
SittingMO44,90,sitting in the wood-floor lab (folder s)
SittingMO45,90,sitting in the wood-floor lab (folder s)
SittingMO46,90,sitting in the wood-floor lab (folder s)
SittingMO47,90,sitting in the wood-floor lab (folder s)
SittingMO48,90,sitting in the wood-floor lab (folder s)
SittingMO49,90,sitting in the wood-floor lab (folder s)
SittingMO50,90,sitting in the wood-floor lab (folder s)
SittingMO51,90,sitting in the wood-floor lab (folder s)
SittingMO52,90,sitting in the wood-floor lab (folder s)
SittingMO53,90,sitting in the wood-floor lab (folder s)
SittingMO54,90,sitting in the wood-floor lab (folder s)
SittingMO55,90,sitting in the wood-floor lab (folder s)
SittingMO56,90,sitting in the wood-floor lab (folder s)
ck35tjucdi8y207576lgjnim5,90,Labelbox photo in the blue-carpet mosque
ck35tpj9rukjo08119y6fnj90,90,Labelbox photo in the blue-carpet mosque
ck35tqlomc86j0838mflkxasl,90,Labelbox photo in the blue-carpet mosque
ck35u5n3ocnxm08389aqp49w3,90,Labelbox photo in the blue-carpet mosque
ck35u7ksdgia407219ckj88tt,90,Labelbox photo in the blue-carpet mosque
ck35u9cs373rr07485fpt4s2q,90,Labelbox photo in the blue-carpet mosque
ck35uh2pz0sno0725z8efsap0,90,Labelbox photo in the blue-carpet mosque
ck35uk0pxcz0h0838cme7tcfz,90,Labelbox photo in the blue-carpet mosque
ck35ul8070tz60725r84dri6z,90,Labelbox photo in the blue-carpet mosque
ck35um55qczls08386zym7e8v,90,Labelbox photo in the blue-carpet mosque
ck35umyjf7bkk0748351hcf3s,90,Labelbox photo in the blue-carpet mosque
ck35ups8v7chr0748c1biat0m,90,Labelbox photo in the blue-carpet mosque
ck35uqq800vol0725g8lnnaso,90,Labelbox photo in the blue-carpet mosque
ck35uu5i9a49f07941yeweym3,90,Labelbox photo in the blue-carpet mosque
ck35uv7090xbr0725lr29s348,90,Labelbox photo in the blue-carpet mosque
ck35uw2savg200811ubzngq4x,90,Labelbox photo in the blue-carpet mosque
ck35ux6zngvf20721wwaefnq6,90,Labelbox photo in the blue-carpet mosque
ck35uyopugvzw0721u57l6pzz,90,Labelbox photo in the blue-carpet mosque
ck35uzwaba6fa0794c8pkthur,90,Labelbox photo in the blue-carpet mosque
ck35v16bw7gll0748i25ccg56,90,Labelbox photo in the blue-carpet mosque
ck35v438ygy8i0721d7ceuztj,90,Labelbox photo in the blue-carpet mosque
ck35v6d9oei590944w94y47k5,90,Labelbox photo in the blue-carpet mosque
ck35va9mwaauw07941fiajdf1,90,Labelbox photo in the blue-carpet mosque
ck35vbdypd9es0838ypl6bg4y,90,Labelbox photo in the blue-carpet mosque
ck35vgwtzem850944rh9prr9a,90,Labelbox photo in the blue-carpet mosque
ck35vi8vmdbty08383a4edbe7,90,Labelbox photo in the blue-carpet mosque
ck35vmnxn7os607480ygppavc,90,Labelbox photo in the blue-carpet mosque
ck35vnj5xjk8t0757z8fr9933,90,Labelbox photo in the blue-carpet mosque
ck35vqiz77q0x0748g3c4kews,90,Labelbox photo in the blue-carpet mosque
ck35vqy5nagjc0794zsbmmqol,90,Labelbox photo in the wood-floor lab
ck35vrdwv198n0725g6fcdfhz,90,Labelbox photo in the wood-floor lab
ck35vrsej19cy0725jnki5g23,90,Labelbox photo in the wood-floor lab
ck35vs3ipjlpo07570saso8fi,90,Labelbox photo in the wood-floor lab
ck35vsemmh70u0721c99rmz24,90,Labelbox photo in the wood-floor lab
ck35vsobtjlx70757uhv418jb,90,Labelbox photo in the wood-floor lab
ck35vt1cndfnn0838pfvoax2h,90,Labelbox photo in the wood-floor lab
ck35vti4v19v10725csa7lr9x,90,Labelbox photo in the wood-floor lab
ck35vty5bdg470838ezhuk48n,90,Labelbox photo in the wood-floor lab
ck35vuafrh7tj07212rbyxi6d,90,Labelbox photo in the wood-floor lab
ck35vul8z1abh072588jtj3uc,90,Labelbox photo in the wood-floor lab
ck35vuvrbahv30794bfatg34s,90,Labelbox photo in the wood-floor lab
ck35vvamfai1p07945ncuryex,90,Labelbox photo in the wood-floor lab
ck35vvn4ih8c30721ngqedikl,90,Labelbox photo in the wood-floor lab
ck35vw4pt1atq0725y0q5f698,90,Labelbox photo in the wood-floor lab
ck35vwlatdh520838ltqmppbf,90,Labelbox photo in the wood-floor lab
ck35vxfmkdhge0838l2pwsmm9,90,Labelbox photo in the wood-floor lab
ck35vxqy6es7n09440pgniwk2,90,Labelbox photo in the wood-floor lab
ck35vy5w4aj3z0794ixec1q4z,90,Labelbox photo in the wood-floor lab
ck35vyizvh9dk07215cdublrk,90,Labelbox photo in the wood-floor lab
ck35vyuah1bu20725codlo12r,90,Labelbox photo in the wood-floor lab
ck35vz42svuol0811z1vefajh,90,Labelbox photo in the wood-floor lab
ck35vzhn6jogq0757nn012og4,90,Labelbox photo in the wood-floor lab
ck35vzz7nh9wt07211x505y2v,90,Labelbox photo in the wood-floor lab
ck35w0cnedign0838lsvfiyey,90,Labelbox photo in the wood-floor lab
ck35w0rfkjowl0757lx5hebhg,90,Labelbox photo in the wood-floor lab
ck35w11m0akaj0794l31nzdb5,90,Labelbox photo in the wood-floor lab
ck35w1c9o7tvn0748uizyz4t7,90,Labelbox photo in the wood-floor lab
ck35w1w1ghar80721oi4ad29t,90,Labelbox photo in the wood-floor lab
ck35w25ytakvv0794p022n179,90,Labelbox photo in the wood-floor lab
ck35w2fxx1dd40725783orkhh,90,Labelbox photo in the wood-floor lab
ck35w2vefhb6k0721yujm41i8,90,Labelbox photo in the wood-floor lab
ck35w3ekb7usi07488bnj004e,90,Labelbox photo in the wood-floor lab
ck35w3r8vvwlm0811li0cyzup,90,Labelbox photo in the wood-floor lab
ck35w44y9eult0944wbylb0vo,90,Labelbox photo in the wood-floor lab
ck35w4jle1e5d0725hib9k984,90,Labelbox photo in the wood-floor lab
ck35w4s4oeuxq0944b6sp7ftg,90,Labelbox photo in the wood-floor lab
ck35w51lovx480811ddkcbzmx,90,Labelbox photo in the wood-floor lab
ck35w5h5dhc5c0721c13e5yd6,90,Labelbox photo in the wood-floor lab
ck35w5pg37vpg0748k6lue354,90,Labelbox photo in the wood-floor lab
ck35w5ygxhccv0721ihkzt8w4,90,Labelbox photo in the wood-floor lab
ck35w67gaamfb0794bals7sjh,90,Labelbox photo in the wood-floor lab
ck35w6j8eamki0794e4lkgm5p,90,Labelbox photo in the wood-floor lab
ck35w792s7wcq0748zolxeclw,90,Labelbox photo in the wood-floor lab
ck35w7i8cvy040811fwfg0tbl,90,Labelbox photo in the wood-floor lab
ck35w7q6gvy380811t6k3t3h1,90,Labelbox photo in the wood-floor lab
ck35w8emshdf007218yjmb8m0,90,Labelbox photo in the wood-floor lab
ck35w8salhdkn07218b7f6eun,90,Labelbox photo in the wood-floor lab
ck35w91av1g1v0725okiw1nj9,90,Labelbox photo in the wood-floor lab
ck35w9clmannn0794zaxqu1d5,90,Labelbox photo in the wood-floor lab
ck35w9lcgantr07943oj4grmf,90,Labelbox photo in the wood-floor lab
ck35w9v33dmaq083888xzamss,90,Labelbox photo in the wood-floor lab
ck35wa5agdmg208384wb8ryru,90,Labelbox photo in the wood-floor lab
ck35wamsevz8j0811ctb1gzqa,90,Labelbox photo in the wood-floor lab
ck35wb0oxexbi0944jmw4esmt,90,Labelbox photo in the wood-floor lab
ck35wboiwdn230838jglneq5p,90,Labelbox photo in the wood-floor lab
ck35wc0u97y5e07487gp9qchl,90,Labelbox photo in the wood-floor lab
ck35wckxqaoyk07946a1uuckw,90,Labelbox photo in the wood-floor lab
ck35wg1tfdorc08389ed2f3wp,90,Labelbox photo in the wood-floor lab
ck35wgaiodour0838fgc72luv,90,Labelbox photo in the wood-floor lab
ck35wgpfyezl909449qp6pn67,90,Labelbox photo in the wood-floor lab
ck35wgyo3w1ok0811cglorplb,90,Labelbox photo in the wood-floor lab
ck35wh8ttw1sr08113tqh8qwm,90,Labelbox photo in the wood-floor lab
ck35whi8rw1w308114ndqatyb,90,Labelbox photo in the wood-floor lab
ck35whr75ar5n0794buixrsgw,90,Labelbox photo in the wood-floor lab
ck35wi1paara60794hw2w7x90,90,Labelbox photo in the wood-floor lab
ck35wifeuhhav0721zgzluhg1,90,Labelbox photo in the wood-floor lab
ck35winkhhhdy0721pazs4p8m,90,Labelbox photo in the wood-floor lab
ck35wiwulw2hi0811jwqs6fbi,90,Labelbox photo in the wood-floor lab
ck35wj7bd1jx80725v5haz432,90,Labelbox photo in the wood-floor lab
ck35wjhg7jwlv075760j8so1w,90,Labelbox photo in the wood-floor lab
ck35wjuclf0v00944eauvxliz,90,Labelbox photo in the wood-floor lab
ck35wk18bw2yx0811appisa7m,90,Labelbox photo in the wood-floor lab
ck35wkdszf12u0944y87kxss3,90,Labelbox photo in the wood-floor lab
ck35wkm0thib20721husikugo,90,Labelbox photo in the wood-floor lab
ruku38,90,bowing in the wood-floor lab
ruku39,90,bowing in the wood-floor lab
ruku40,90,bowing in the wood-floor lab
ruku41,90,bowing in the wood-floor lab
ruku42,90,bowing in the wood-floor lab
ruku43,90,bowing in the wood-floor lab
ruku44,90,bowing in the wood-floor lab
ruku45,90,bowing in the wood-floor lab
ruku46,90,bowing in the wood-floor lab
ruku47,90,bowing in the wood-floor lab
ruku48,90,bowing in the wood-floor lab
ruku49,90,bowing in the wood-floor lab
ruku50,90,bowing in the wood-floor lab
ruku51,90,bowing in the wood-floor lab
ruku52,90,bowing in the wood-floor lab
ruku53,90,bowing in the wood-floor lab
ruku54,90,bowing in the wood-floor lab
ruku55,90,bowing in the wood-floor lab
ruku56,90,bowing in the wood-floor lab
ruku57,90,bowing in the wood-floor lab
ruku58,90,bowing in the wood-floor lab
ruku59,90,bowing in the wood-floor lab
ruku60,90,bowing in the wood-floor lab
ruku61,90,bowing in the wood-floor lab
ruku62,90,bowing in the wood-floor lab
ruku77,90,bowing in the wood-floor lab
ruku78,90,bowing in the wood-floor lab
ruku79,90,bowing in the wood-floor lab
sujud32,90,prostrating in the wood-floor lab
sujud33,90,prostrating in the wood-floor lab
sujud34,90,prostrating in the wood-floor lab
sujud35,90,prostrating in the wood-floor lab
sujud36,90,prostrating in the wood-floor lab
sujud37,90,prostrating in the wood-floor lab
sujud38,90,prostrating in the wood-floor lab
sujud39,90,prostrating in the wood-floor lab
sujud40,90,prostrating in the wood-floor lab
sujud41,90,prostrating in the wood-floor lab
