stem,note
ara2-300x230,the lap and legs of a seated man
ck2orvjmn58700757s9xpnisb,the robe of a second man nobody boxed
ck2osu7liw7lb0794xx9ot8tq,a robed man standing at the edge
ck2ovcipy431c07212uhvkihw,a drawn man with raised hands
ck35vvn4ih8c30721ngqedikl,a man sitting at a desk
depositphotos_210077620-stock-photo-muslim-man-and-woman-praying,the robe and feet of a second person
qiam(123),TV frame: the presenter
qiam(125),TV frame: the presenter
qiam(127),TV frame: the presenter
qiam(128),TV frame: the presenter
qiam(132),TV frame: the presenter's robe
qiam(133),TV frame: the presenter's robe
qiam(135),TV frame: the presenter's robe
qiam(137),TV frame: the presenter's robe
qiam(146),TV frame: the presenter's robe and hand
qiam(224),two seated men in uniform
qiam(290),a person's head
ruku1,a bowing crowd
ruku10,a seated man reading
ruku113,TV frame: a standing man's legs
ruku167,a bowing crowd
ruku169,a bowing crowd
ruku19,part of a drawn silhouette
ruku30,the robes of standing men
ruku7,a drawn woman standing
ruku94,TV frame: the presenter's face
ruku96,a bowing crowd
sujud112,TV frame: the presenter seated behind the table
sujud150,a crowd at the Kaaba
sujud166,people walking in ihram
sujud65,people walking in the background
